Category,Item,Details,Date,Time
Note,Project notes,Score discuss entire each structure.,2025-01-31,
Task,Organize desk,"Name, Task, Vote, Let",2025-02-07,11:30:19
Goal,Learn Python,Mrs present campaign account point agent.,2025-03-18,
Goal,Start a blog,Wind clear president seek suggest line section.,2025-06-22,
Reminder,Team meeting,Policy travel that produce turn boy door.,2025-02-02,03:11:01
Contact,John Horton,4951466190,pjackson@watson-moore.com,
Contact,Samantha Duran,351-330-3911x7745,duncanfelicia@williams-farrell.org,
Reminder,Doctor appointment,Contain easy under enough degree like case prepare.,2025-02-04,21:03:37
Contact,Nathan Medina,(387)653-0556,alyssa37@lewis.com,
Expense,Groceries,Spent $66 on Transport,2025-01-16,
Birthday,Joan Foster,Birthday celebration,2007-10-06,
Reminder,Call mom,Business how bed common camera note you.,2025-02-08,21:01:45
Note,Project notes,Fund for owner whole subject compare onto.,2025-02-24,
Goal,Run 5K,Price example rule loss.,2025-01-26,
Note,To-do list,Store relationship two test phone summer.,2025-02-24,
Reminder,Doctor appointment,Population pay need paper stand.,2025-02-09,02:55:49
Birthday,Chelsea Wagner,Birthday celebration,1982-09-13,
Contact,Peggy Clark,142-859-3090,wodom@bentley.org,
Goal,Read 10 books,Three beyond age final tend position.,2025-03-10,
Birthday,Seth Gonzalez,Birthday celebration,1962-09-15,
Reminder,Gym session,Best since while including seven may I.,2025-02-09,11:06:44
Expense,Dinner,Spent $252 on Dinner,2025-01-09,
Event,Workshop,Before read especially born.,2025-03-17,18:45:17
Contact,Anthony Ramos,893-702-9614,jbell@wu.info,
Event,Team Building,Election political use agency back book.,2025-02-13,15:36:49
Reminder,Dentist visit,Car sell least describe plant point test.,2025-02-11,14:13:04
Reminder,Dentist visit,Never why behavior near voice.,2025-02-06,12:05:47
Event,Conference,Theory cost case meeting.,2025-03-18,13:59:58
Event,Wedding,Firm firm go painting Congress.,2025-03-19,05:31:22
Event,Networking Event,Child national live.,2025-03-12,05:09:46
Task,Organize desk,"Character, Green, Eat",2025-02-10,02:24:17
Reminder,Team meeting,Star service effect learn.,2025-02-22,17:49:00
Note,Meeting ideas,Reach former tax knowledge sign about growth head just pass.,2025-02-10,
Goal,Save $1000,Executive later coach win including brother effect.,2025-03-05,
Expense,Groceries,Spent $442 on Rent,2025-01-07,
Reminder,Gym session,Top discover little soldier.,2025-02-12,20:11:23
Note,Random thoughts,Candidate past reveal small nearly art peace pay.,2025-02-02,
Birthday,Patrick Cannon,Birthday celebration,1999-08-24,
Task,Clean the house,"Simply, One, Turn",2025-02-01,16:39:23
Task,Finish project report,"Age, Only, Simple, Admit",2025-02-19,18:21:47
Expense,Groceries,Spent $468 on Utilities,2025-01-14,
Reminder,Team meeting,Deep night thus experience treat him support.,2025-02-24,14:22:20
Expense,Dinner,Spent $230 on Utilities,2025-01-04,
Note,To-do list,Appear collection tree agent else various management per.,2025-02-02,
Expense,Utilities,Spent $188 on Groceries,2025-01-19,
Goal,Save $1000,Certain its region life.,2025-03-28,
Expense,Rent,Spent $414 on Rent,2024-12-30,
Task,Pay bills,"Hospital, Smile",2025-02-22,22:41:45
Note,Book recommendations,Language special voice PM plan.,2025-02-16,
Expense,Groceries,Spent $68 on Transport,2025-01-23,
Note,Random thoughts,Follow others election less board will try.,2025-02-21,
Reminder,Team meeting,Assume color actually long mother town community.,2025-02-13,09:16:38
Goal,Save $1000,Table relationship recent management response seek.,2025-05-20,
Expense,Transport,Spent $478 on Rent,2025-01-06,
Goal,Start a blog,Good arrive treatment choose debate surface commercial.,2025-07-05,
Note,Random thoughts,Next act inside voice move concern all purpose.,2025-02-22,
Task,Organize desk,"Son, Boy, Hit, Prevent, Tax",2025-02-18,14:27:02
Note,Random thoughts,Election yes friend according option.,2025-02-20,
Birthday,Jason Armstrong,Birthday celebration,1977-05-23,
Note,Random thoughts,Fund capital data how fight result participant water.,2025-02-10,
Expense,Rent,Spent $143 on Transport,2025-01-03,
Contact,semir sultan,5998162502,hector72@gmail.com,
Note,Book recommendations,Democratic quite throw national effect society property leave.,2025-02-16,
Birthday,Mr. Gabriel Johnson,Birthday celebration,2007-03-19,
Contact,contact,001-800-739-1814x47882,ntorres@gmail.com,
Reminder,Dentist visit,Far foot year.,2025-02-23,00:29:46
Contact,contact add,(943)518-7542,andrew20@trevino.info,
Contact,contact add,(943)518-7542,andrew20@trevino.info,
Contact,contact add,(943)518-7542,andrew20@trevino.info,
Contact,contact add,(943)518-7542,andrew20@trevino.info,
Contact,contact add,(943)518-7542,andrew20@trevino.info,
Contact,contact add,(943)518-7542,andrew20@trevino.info,
Contact,contact add,(943)518-7542,andrew20@trevino.info,
Goal,Save $1000,Future every shoulder pass fine here lead.,2025-03-25,
Expense,Rent,Spent $85 on Transport,2025-01-01,
Contact,Lauren May,605.332.8641x793,thomasmichael@hutchinson.org,
Goal,Save $1000,Network opportunity local week.,2025-03-10,
Event,Networking Event,Large school official artist.,2025-03-26,05:07:32
Event,Conference,Into keep wish game.,2025-03-22,15:04:30
Task,Organize desk,"Talk, Weight, Campaign, Need, Decide",2025-02-11,10:04:26
Expense,Dinner,Spent $87 on Rent,2025-01-22,
Birthday,Denise Maddox,Birthday celebration,2005-08-21,
Reminder,Doctor appointment,Thought concern kitchen option fine office occur.,2025-02-06,21:18:22
Contact,contact acsess,746-724-5935x09710,olewis@hotmail.com,
Expense,Utilities,Spent $316 on Transport,2025-01-15,
Reminder,Doctor appointment,Method again worker.,2025-02-22,04:22:59
Reminder,Dentist visit,Operation voice language shake.,2025-02-02,23:19:08
Contact,John Allen,765.312.6683x09430,angela17@gmail.com,
Birthday,Adrian Serrano,Birthday celebration,1948-12-11,
Reminder,Call mom,Claim reduce tonight it.,2025-02-09,02:58:42
Task,Pay bills,"What, Two",2025-01-27,07:36:55
Reminder,Gym session,Need street enough budget.,2025-01-28,07:21:43
Note,Project notes,Or window pattern simply against sign would baby back.,2025-01-31,
Expense,Dinner,Spent $320 on Groceries,2025-01-10,
Note,To-do list,Media nothing sister citizen.,2025-02-20,
Task,Clean the house,"Factor, Create, They, Civil",2025-02-10,02:25:17
Task,Pay bills,"Choose, Term, Way, Institution, Though",2025-01-28,09:17:54
Event,Wedding,Later will near method.,2025-03-05,03:57:56
Expense,Utilities,Spent $212 on Groceries,2025-01-07,
Reminder,Dentist visit,Thousand sing arm discussion.,2025-02-24,16:00:53
Contact,Jared Morgan,373-917-3849x35294,allenbarry@hotmail.com,
Contact,Mr. Richard Cooper,001-919-766-8710x765,patriciaharper@gmail.com,
Expense,Utilities,Spent $344 on Rent,2025-01-04,
Contact,Peggy Miller,001-549-077-4872x40596,eball@hotmail.com,
Goal,Run 5K,Enjoy agreement community baby.,2025-03-27,
Event,Team Building,Image could woman save soldier plan.,2025-02-05,09:02:14
Birthday,Terrence Vargas,Birthday celebration,1948-04-10,
Task,Clean the house,"Serious, Me, Newspaper, Speech, Including",2025-02-20,19:33:56
Contact,Amy Kelly,+1-520-130-7531x8104,andrew27@yahoo.com,
Reminder,Gym session,Its attorney fine mouth level stuff alone.,2025-01-30,06:34:17
Reminder,Team meeting,Development news son off.,2025-02-08,00:38:33
Task,Buy groceries,"Kid, Way",2025-02-10,07:48:10
Contact,Robert Allen MD,4053074573,kevin36@hotmail.com,
Event,Workshop,How pass paper source often.,2025-03-22,03:44:08
Contact,Sharon Aguirre,+1-383-578-2700x0616,wooderin@hotmail.com,
Event,Team Building,Quickly dark detail.,2025-03-10,06:11:53
Note,To-do list,Book open traditional hundred land family suddenly fly.,2025-01-29,
Expense,Utilities,Spent $448 on Groceries,2025-01-03,
Task,Pay bills,"She, Street",2025-02-11,04:48:05
Expense,Dinner,Spent $44 on Groceries,2025-01-22,
Event,Workshop,Or attorney significant ten.,2025-03-23,13:15:55
Goal,Run 5K,Really have form put.,2025-06-20,
Event,Conference,Reduce act not door community.,2025-01-28,18:14:00
Event,Conference,Instead role site recent black draw.,2025-02-14,02:03:26
Task,Finish project report,"Car, Similar, Seven, Remember, Director",2025-02-04,22:07:43
Note,Project notes,Over heart party baby story admit different fast.,2025-02-03,
Task,Buy groceries,"Republican, Western, Maybe",2025-02-15,03:04:12
Event,Wedding,Watch environment appear strategy.,2025-01-29,06:08:20
Goal,Start a blog,Produce little anyone.,2025-06-20,
Note,Meeting ideas,Politics miss personal task deep third letter.,2025-02-19,
Task,Pay bills,"His, Allow, Risk",2025-01-31,01:41:18
Task,Finish project report,"Difficult, Meet",2025-02-09,07:03:22
Expense,Transport,Spent $443 on Groceries,2025-01-23,
Contact,Christopher Sanders,616-411-7187x08403,hayesmichele@gmail.com,
Goal,Learn Python,Defense other season.,2025-07-18,
Event,Team Building,Way cold born get drive.,2025-03-12,09:31:11
Event,Conference,Project must ability.,2025-03-21,18:01:38
Expense,Transport,Spent $225 on Groceries,2025-01-04,
Contact,Vanessa Murphy,587.641.0229x401,lcoleman@montgomery.biz,
Event,Networking Event,Minute company material nature resource low.,2025-03-13,18:28:14
Note,Book recommendations,Indeed according civil it security.,2025-02-12,
Event,Wedding,Close relate author cause could throw.,2025-02-17,15:05:53
Birthday,Cameron Jones,Birthday celebration,2001-01-31,
Task,Clean the house,"Information, Price, Big",2025-02-21,12:42:29
Event,Workshop,Reflect own when.,2025-03-16,12:41:28
Note,Book recommendations,Five option something model loss other.,2025-02-10,
Event,Conference,Experience raise child ever.,2025-02-10,16:39:10
Event,Workshop,Young trade we.,2025-03-08,00:13:02
Goal,Run 5K,Customer property father respond at including up dark.,2025-03-27,
Goal,Learn Python,Leg Republican half recently property only traditional report.,2025-03-28,
Event,Workshop,Republican ready much million.,2025-02-26,23:01:42
Expense,Utilities,Spent $268 on Utilities,2025-01-25,
Goal,Save $1000,Natural every in of paper.,2025-07-24,
Note,To-do list,Many food thus million step agent film figure detail involve.,2025-02-07,
Birthday,Timothy Harris,Birthday celebration,2000-07-31,
Event,Conference,Into service case relate know direction.,2025-02-13,18:22:07
Expense,Dinner,Spent $442 on Transport,2025-01-10,
Contact,Jennifer Mclaughlin,169-381-6869x388,daniel75@hotmail.com,
Reminder,Team meeting,Support possible right entire use.,2025-02-17,10:11:06
Event,Conference,Option edge half good all.,2025-02-27,00:37:15
Reminder,Doctor appointment,Wide serve improve newspaper able.,2025-02-10,19:09:13
Reminder,Dentist visit,Interesting form rule which against strategy quickly.,2025-01-30,05:44:24
Birthday,Christine Bennett,Birthday celebration,1967-08-22,
Expense,Dinner,Spent $371 on Utilities,2025-01-18,
Expense,Transport,Spent $441 on Utilities,2024-12-27,
Task,Pay bills,"Size, Remember, Site, Important",2025-02-15,14:44:03
Birthday,Amy Logan,Birthday celebration,1988-01-05,
Note,Meeting ideas,Treat hospital anyone fight send something statement treat than should.,2025-02-20,
Event,Conference,Country approach simple.,2025-02-23,18:22:58
Note,Meeting ideas,These Republican material south serve beyond miss black general true.,2025-02-07,
Goal,Read 10 books,Against PM shoulder at whom agency serve protect.,2025-07-14,
Birthday,Samuel White,Birthday celebration,1986-11-09,
Birthday,Sonia Cummings,Birthday celebration,1958-07-09,
Goal,Run 5K,Special add very above likely simple.,2025-02-20,
Goal,Read 10 books,How day structure admit.,2025-07-05,
Goal,Learn Python,Base season painting gun western bad.,2025-03-15,
Reminder,Team meeting,Good argue focus ok under medical turn.,2025-02-14,07:54:12
Note,Book recommendations,Hard chance perhaps surface prevent of never.,2025-01-29,
Goal,Run 5K,Popular under draw half whose able try.,2025-05-06,
Reminder,Gym session,Receive increase method sing third.,2025-02-16,02:45:14
Contact,Timothy Meyer,+1-844-343-7300x162,susan06@gmail.com,
Contact,Dale James,354.706.3041x57635,sjones@davis-walker.com,
Event,Workshop,Store parent forget easy step.,2025-03-18,03:08:43
Contact,Cheyenne Bass,(536)837-2136x2044,cainmelissa@hotmail.com,
Goal,Start a blog,Most site answer chair hard history building nature.,2025-04-05,
Reminder,Team meeting,Scene yourself region mean money middle party.,2025-02-06,14:09:45
Task,Pay bills,"Sea, Check, Debate, Anything, Other",2025-02-22,10:34:43
Contact,Richard Smith,700-239-8830x428,patriciavaldez@hotmail.com,
Contact,Johnathan Oliver,172-203-9312x0109,christophercummings@hotmail.com,
Birthday,Christopher Thomas,Birthday celebration,1984-02-11,
Event,Networking Event,Hour nature mouth.,2025-03-03,21:24:41
Reminder,Gym session,And place remember view once.,2025-02-03,04:06:11
Task,Clean the house,"Back, Identify, War",2025-02-01,11:39:50
Expense,Dinner,Spent $476 on Dinner,2025-01-12,
Expense,Transport,Spent $366 on Transport,2025-01-03,
Expense,Utilities,Spent $239 on Transport,2025-01-01,
Note,Random thoughts,Yet by fear media everybody open.,2025-02-06,
Event,Team Building,Easy beat measure.,2025-02-25,08:55:37
Task,Pay bills,"Structure, People, National, Role",2025-02-01,14:38:56
Note,Random thoughts,Citizen present nice improve young ok among about pull.,2025-02-08,
Contact,Daniel Lee,+1-638-160-1311x9105,bsmith@yahoo.com,
Contact,Alexander Wood,+1-523-964-7826x03401,angela46@yahoo.com,
Event,Workshop,Writer scene upon wide.,2025-03-21,07:41:41
Event,Wedding,Law space wife.,2025-03-05,18:57:50
Event,Wedding,Page break age go.,2025-03-23,15:02:47
Event,Wedding,Talk simply point present cost president.,2025-02-18,18:52:15
Birthday,Tyler Bailey,Birthday celebration,1980-05-28,
Birthday,James Goodwin,Birthday celebration,2004-12-13,
Goal,Save $1000,Happen relationship her someone green open until.,2025-06-23,
Task,Pay bills,"Structure, Cold",2025-02-22,15:53:15
Note,Random thoughts,Trade current paper its stuff account.,2025-01-29,
Birthday,Mrs. Katrina Horn,Birthday celebration,1959-04-01,
Goal,Save $1000,Society effort second return.,2025-03-12,
Expense,Dinner,Spent $138 on Transport,2025-01-13,
Event,Team Building,Indeed pressure forward.,2025-03-22,02:06:13
Birthday,Michael Hodges,Birthday celebration,1999-09-20,
Reminder,Dentist visit,Soldier call statement choose past.,2025-02-14,08:05:04
Contact,Nancy Flores,256-769-2183,dawsonsophia@hotmail.com,
Reminder,Dentist visit,Development realize cell me bar single today better.,2025-02-23,06:25:29
Event,Workshop,This heart account member find.,2025-03-24,18:44:14
Task,Pay bills,"Trial, Research",2025-02-11,15:00:35
Contact,Dr. Nicole Carter,+1-929-634-6124,murphyjames@torres-harris.com,
Goal,Save $1000,Center whether where perhaps difference player.,2025-04-22,
Expense,Dinner,Spent $326 on Dinner,2025-01-01,
Task,Buy groceries,"Knowledge, Them, Recognize, Woman, Along",2025-02-18,06:49:21
Note,To-do list,Plan action pass bar discuss support summer according until.,2025-01-29,
Reminder,Dentist visit,Trouble despite effect third small save thus.,2025-02-11,17:01:11
Task,Organize desk,"Product, Base, Opportunity",2025-02-04,03:43:02
Expense,Transport,Spent $293 on Dinner,2025-01-21,
Note,Book recommendations,Positive imagine style possible expert never person final suddenly worker fish.,2025-02-22,
Task,Pay bills,"Take, Nice",2025-02-07,10:41:20
Event,Workshop,Camera work article performance international mother.,2025-03-14,12:58:26
Note,Meeting ideas,Recognize born could industry long city positive charge moment.,2025-01-28,
Note,Project notes,Tonight I risk memory quality campaign price.,2025-02-22,
Expense,Utilities,Spent $381 on Rent,2025-01-02,
Task,Organize desk,"Later, Moment, Different",2025-02-21,13:50:40
Event,Workshop,Letter save read analysis right.,2025-03-18,15:53:50
Goal,Start a blog,Rather political important direction better sometimes four activity.,2025-06-01,
Expense,Utilities,Spent $471 on Dinner,2024-12-27,
Contact,Donna Miles,001-241-797-3310,tylerperez@shields.com,
Birthday,Michael Gonzalez,Birthday celebration,1972-09-06,
Reminder,Dentist visit,Move modern authority win.,2025-02-14,06:13:27
Expense,Transport,Spent $337 on Dinner,2025-01-08,
Task,Buy groceries,"Thank, Life",2025-02-01,05:45:07
Birthday,Charles Gibbs,Birthday celebration,1967-12-21,
Goal,Read 10 books,Sound computer first commercial stand give.,2025-03-16,
Expense,Rent,Spent $487 on Dinner,2025-01-24,
Note,Book recommendations,Suffer read community agreement read woman write.,2025-02-24,
Contact,Shawn Leonard,001-833-536-1639,newmantracy@watkins-chavez.info,
Expense,Groceries,Spent $31 on Rent,2025-01-25,
Expense,Groceries,Spent $232 on Rent,2025-01-15,
Contact,Connor Ford,(364)394-7167x644,nicoledorsey@yahoo.com,
Event,Workshop,Financial item suggest southern each.,2025-03-26,04:16:59
Goal,Learn Python,Sea over success personal resource garden.,2025-04-23,
Reminder,Dentist visit,Ten card half born during.,2025-02-10,10:31:43
Contact,Ashley Vance,001-714-328-3747,robertsmith@hotmail.com,
Expense,Dinner,Spent $293 on Rent,2025-01-09,
Task,Finish project report,"Size, Continue, Letter, Four, West",2025-01-31,05:24:32
Reminder,Gym session,Perform future door hotel.,2025-02-03,05:23:36
Event,Networking Event,Science property if.,2025-03-18,16:41:34
Event,Networking Event,Raise need key machine.,2025-02-19,09:03:26
Expense,Transport,Spent $437 on Dinner,2025-01-06,
Note,Random thoughts,That follow bed teacher short necessary drop its or receive appear.,2025-02-18,
Note,To-do list,Culture record structure arm minute soon brother economic I break.,2025-02-16,
Event,Team Building,Lot claim fish use.,2025-02-15,22:50:56
Birthday,Bryce Moore,Birthday celebration,1991-09-10,
Goal,Start a blog,Prove onto southern for.,2025-04-22,
Reminder,Call mom,Window military century drop.,2025-01-29,19:52:22
Note,Meeting ideas,Dark ask production spend citizen.,2025-02-02,
Contact,Bob Miller,(732)254-7866x643,lisa49@hotmail.com,
Note,Book recommendations,Lawyer other administration leg exactly about long participant call there chair.,2025-02-17,
Expense,Transport,Spent $365 on Groceries,2025-01-09,
Event,Workshop,Prevent it be consumer man because.,2025-02-20,14:10:03
Expense,Dinner,Spent $12 on Transport,2025-01-15,
Contact,Barbara Howard,(790)748-1185x05189,jenniferscott@gmail.com,
Expense,Utilities,Spent $244 on Rent,2025-01-14,
Reminder,Team meeting,Little collection sea hundred.,2025-02-24,11:19:33
Note,Meeting ideas,Want according catch business condition partner.,2025-02-03,
Birthday,Mike Campos,Birthday celebration,2013-08-28,
Expense,Transport,Spent $286 on Utilities,2024-12-28,
Goal,Save $1000,International before born politics apply.,2025-04-02,
Task,Organize desk,"Might, She",2025-01-29,07:37:26
Expense,Utilities,Spent $339 on Transport,2024-12-29,
Event,Conference,Drop painting nor matter.,2025-02-10,10:37:14
Goal,Run 5K,Animal social offer nearly prove close both keep.,2025-06-24,
Note,Project notes,Probably second get old generation piece.,2025-02-19,
Event,Conference,Church job bill yes.,2025-02-26,22:43:32
Birthday,Michael Baird,Birthday celebration,1944-07-07,
Task,Organize desk,"Best, Them, Task, Arm, Career",2025-02-05,11:56:42
Event,Team Building,Interview many partner head line because.,2025-02-18,14:30:39
Goal,Start a blog,These prepare art human again least back.,2025-03-15,
Task,Buy groceries,"Agency, Decision, Cup, One",2025-01-30,19:34:30
Event,Networking Event,Best network too college.,2025-02-06,12:29:35
Event,Wedding,Whatever back serious type.,2025-02-20,02:11:15
Expense,Utilities,Spent $51 on Rent,2025-01-09,
Birthday,Tanya Caldwell,Birthday celebration,1949-01-30,
Task,Finish project report,"Democrat, Along",2025-02-11,18:13:26
Contact,Christine Morrow,+1-483-995-0226x66464,agill@fox.info,
Birthday,Chelsea Miller,Birthday celebration,1952-09-21,
Task,Organize desk,"Leader, Quality, Step, Clear, Stay",2025-02-18,12:10:06
Task,Organize desk,"Country, Get, Those, I, Or",2025-02-12,15:03:05
Task,Pay bills,"Determine, Language, Dark",2025-02-01,17:18:10
Expense,Utilities,Spent $240 on Rent,2025-01-24,
Event,Wedding,Mr child never plan matter morning.,2025-02-25,02:11:15
Reminder,Team meeting,Rate marriage environmental personal early.,2025-02-21,22:13:49
Reminder,Call mom,Father score fish just suffer course subject.,2025-02-17,02:46:54
Reminder,Call mom,Deep find both visit environment situation.,2025-02-03,16:07:05
Expense,Groceries,Spent $218 on Dinner,2025-01-19,
Birthday,Cindy Sharp,Birthday celebration,1972-05-02,
Expense,Dinner,Spent $241 on Utilities,2024-12-29,
Contact,John Martinez,7200910524,csanchez@yahoo.com,
Birthday,Keith Thomas,Birthday celebration,1978-01-11,
Expense,Groceries,Spent $256 on Utilities,2025-01-18,
Contact,Barry Harris,+1-359-648-8170x024,estradaallison@gmail.com,
Reminder,Call mom,Than challenge government compare TV personal arm result.,2025-02-14,00:31:25
Birthday,Michelle Garcia,Birthday celebration,1966-08-31,
Birthday,Sharon Gates,Birthday celebration,1992-05-28,
Note,Random thoughts,Age even anyone network source quickly hand daughter goal.,2025-02-22,
Contact,Catherine Norton,247-002-1329,hannahholt@miller.com,
Birthday,Jasmine Good,Birthday celebration,1974-09-23,
Birthday,Joseph Lawrence,Birthday celebration,2005-06-27,
Task,Buy groceries,"Record, Environment",2025-02-16,12:17:19
Goal,Save $1000,Prove wear never visit smile.,2025-06-12,
Task,Buy groceries,"Herself, Continue, Sing",2025-02-11,08:50:14
Note,To-do list,Whatever environmental while audience artist skin site standard.,2025-02-04,
Note,Project notes,Black national last easy boy investment beat kind.,2025-02-24,
Event,Workshop,Election rest then buy meet.,2025-01-26,21:39:50
Event,Wedding,Break explain near.,2025-02-19,01:07:56
Task,Finish project report,"Amount, Team, Buy, Arrive",2025-02-12,21:20:40
Task,Finish project report,"Large, Give, Memory",2025-02-01,21:05:27
Task,Finish project report,"Yard, Method, Some, Magazine, Certainly",2025-02-03,06:09:44
Contact,Amanda Nelson,001-771-377-2484x9928,susanmyers@griffin.com,
Expense,Transport,Spent $106 on Utilities,2025-01-12,
Note,Book recommendations,Public name country various admit.,2025-01-26,
Reminder,Call mom,Piece hospital imagine huge future animal rest.,2025-02-20,01:07:00
Contact,Edward Morris,(335)392-8158x9144,zwallace@hickman-adams.com,
Note,To-do list,Audience task six nor or.,2025-02-16,
Event,Team Building,Government pick become force certain.,2025-03-06,14:08:07
Expense,Utilities,Spent $37 on Transport,2025-01-09,
Contact,Marvin Reed,171-334-8817,john47@hotmail.com,
Event,Team Building,Quality their either without fly region.,2025-02-13,01:43:24
Contact,Chris Neal,7718715415,farmerpaul@baker.com,
Note,Meeting ideas,Pattern country these may check take likely state defense many answer.,2025-01-30,
Event,Conference,Word air place dog.,2025-03-04,17:03:46
Contact,Matthew Whitney,313.526.3130x4961,tmoore@yahoo.com,
Event,Team Building,Good crime personal million else drive.,2025-02-24,18:10:13
Note,To-do list,Guy them audience Congress certainly else.,2025-02-06,
Goal,Read 10 books,Window position first need drug garden bad.,2025-01-31,
Note,Project notes,Sign order open good often realize.,2025-02-16,
Task,Finish project report,"Individual, Itself, Face, Station, Room",2025-02-01,01:02:14
Event,Team Building,Painting to price.,2025-02-22,17:05:25
Note,Random thoughts,Reason board TV concern about the month before lead while.,2025-02-20,
Expense,Groceries,Spent $287 on Groceries,2025-01-02,
Note,Project notes,Whatever list office seat order wear option window receive suggest.,2025-02-09,
Task,Clean the house,"Young, Son, Rise, Accept, Must",2025-02-14,10:58:42
Birthday,John Reed,Birthday celebration,1955-03-04,
Event,Conference,Member important contain or quickly.,2025-02-27,05:12:01
Expense,Utilities,Spent $270 on Utilities,2024-12-31,
Birthday,Molly Crawford,Birthday celebration,1986-01-07,
Task,Pay bills,"Follow, Knowledge, Follow, Director",2025-02-13,00:02:14
Task,Buy groceries,"Consider, Off, Official",2025-02-02,20:14:18
Goal,Learn Python,Drive everything finish contain.,2025-05-31,
Event,Workshop,Eye health window away better.,2025-02-05,04:30:30
Note,Project notes,Personal since fight soon most eye.,2025-02-15,
Note,Project notes,Father message whom three again.,2025-02-10,
Task,Buy groceries,"Couple, Treatment, Term, Talk, White",2025-02-10,19:22:59
Event,Wedding,Free time area either tax sister.,2025-02-11,05:52:58
Note,To-do list,Also better democratic art network never.,2025-01-30,
Expense,Groceries,Spent $284 on Dinner,2025-01-08,
Contact,Aaron Levine,2025886723,lopezmichael@fisher.org,
Birthday,William Baker,Birthday celebration,1963-02-06,
Note,Meeting ideas,Since big money ask show enough happen.,2025-02-08,
Goal,Start a blog,Significant ground court seat run.,2025-06-27,
Contact,Amy Anthony,001-814-276-9138x7959,nreeves@gmail.com,
Note,To-do list,List charge side such value.,2025-02-24,
Birthday,Paul Allen,Birthday celebration,1948-06-21,
Note,Book recommendations,Century we technology ten until beyond hot.,2025-02-24,
Task,Organize desk,"Call, Parent",2025-02-13,02:00:00
Event,Team Building,Specific real sport author cell any.,2025-03-23,21:45:16
Note,Meeting ideas,Goal than manager attack run analysis start want.,2025-02-10,
Note,To-do list,Important society can wonder sometimes seem.,2025-02-24,
Birthday,Allison Blevins,Birthday celebration,1987-12-06,
Goal,Read 10 books,Campaign ten leader film.,2025-03-07,
Reminder,Team meeting,Loss future say act.,2025-02-02,15:59:05
Note,Book recommendations,Worry several same soldier finally religious.,2025-02-21,
Task,Finish project report,"Friend, Garden, West",2025-02-21,11:45:48
Note,Book recommendations,Scene as black raise machine study benefit member wonder six.,2025-01-29,
Expense,Utilities,Spent $204 on Transport,2025-01-11,
Note,To-do list,Identify environmental attention future food stand.,2025-02-23,
Event,Conference,Current school guy.,2025-03-01,11:07:39
Contact,Steven Gallegos,620.704.3750x351,oholmes@higgins.info,
Contact,Lauren Davila,+1-345-033-9696,cobrien@schmitt.net,
Task,Organize desk,"Crime, Interview, Development, Professional, Position",2025-01-29,03:52:57
Expense,Dinner,Spent $11 on Utilities,2025-01-01,
Note,Random thoughts,Discussion recent now factor radio little trade not prepare.,2025-02-13,
Reminder,Gym session,Between walk result person race.,2025-01-26,04:00:38
Task,Finish project report,"Car, Others, Member, Happen, Fight",2025-02-13,13:05:02
Event,Team Building,Rock east everyone.,2025-03-13,11:19:07
Expense,Dinner,Spent $145 on Rent,2024-12-29,
Birthday,Joseph Watts,Birthday celebration,1989-11-17,
Goal,Start a blog,Defense computer country whatever create.,2025-07-02,
Goal,Learn Python,Sport ready debate look.,2025-06-01,
Reminder,Doctor appointment,Whole feeling once order.,2025-02-02,18:16:45
Reminder,Team meeting,Boy view wear black project sister however least.,2025-02-09,17:51:29
Expense,Groceries,Spent $368 on Groceries,2024-12-30,
Birthday,Terry Travis,Birthday celebration,1956-10-11,
Goal,Save $1000,Address cup prevent join high.,2025-02-18,
Note,Project notes,Real live fill risk tend.,2025-02-19,
Birthday,Laura Parker,Birthday celebration,1982-01-25,
Reminder,Dentist visit,Whom kind century sign building majority ever.,2025-01-26,00:31:30
Event,Wedding,Nice rest foreign son beyond question.,2025-02-06,11:10:46
Event,Team Building,Collection art listen.,2025-02-17,22:58:37
Goal,Run 5K,Game couple from environment.,2025-05-26,
Note,To-do list,Act support material share ball test by resource.,2025-02-06,
Task,Organize desk,"Sister, Able, Quality, Collection",2025-01-28,10:48:26
Reminder,add a reminder,Step radio physical walk rock already face stay.,2025-02-08,11:43:21
Expense,Rent,Spent $448 on Dinner,2025-01-06,
Expense,Transport,Spent $45 on Dinner,2025-01-01,
Note,Project notes,Standard chair job education talk remember room real song.,2025-01-28,
Event,Team Building,New threat class.,2025-03-26,22:39:49
Goal,Run 5K,Off environment authority avoid capital truth many.,2025-03-24,
Reminder,Gym session,Pressure well collection across.,2025-02-18,23:40:33
Contact,Brittany Schmitt,001-426-795-2519x9989,victoriasingh@barnes-lucas.biz,
Note,Meeting ideas,Industry wife attention today worry most example around.,2025-02-04,
Goal,Read 10 books,Ago politics movie response.,2025-06-08,
Expense,Groceries,Spent $490 on Utilities,2024-12-27,
Goal,Save $1000,Country worry check dream wear evening report writer.,2025-07-02,
Note,To-do list,Continue television system whom space relate star senior memory pass understand.,2025-01-30,
Goal,Read 10 books,Raise question be career offer within.,2025-04-08,
Contact,Joseph Hernandez,001-187-253-1212x098,joseph35@carter.com,
Event,Team Building,Until Congress add.,2025-03-18,18:18:08
Goal,Run 5K,Give what assume hand third true gun carry.,2025-05-31,
Event,Team Building,From eight south international environment.,2025-03-16,02:53:46
Note,Meeting ideas,Instead leave receive politics consumer indicate discover eye hair face.,2025-02-03,
Task,Pay bills,"Sister, Too, Arrive, Perhaps, Become",2025-02-14,14:48:40
Reminder,Team meeting,Tree why system season measure voice.,2025-02-07,13:40:01
Event,Team Building,Performance manage often father.,2025-03-15,10:26:26
Event,Networking Event,Rather media lose wait energy.,2025-03-24,11:20:19
Birthday,Dr. Monica Young,Birthday celebration,1974-12-18,
Birthday,John Lee,Birthday celebration,1966-03-25,
Reminder,Team meeting,Continue business manage nature.,2025-02-22,02:23:50
Contact,Brandon Burke,373-620-0710x490,moralessusan@rojas.info,
Task,Buy groceries,"Reduce, When, Expect, Inside",2025-02-05,07:28:05
Goal,Read 10 books,Real idea really reveal.,2025-04-25,
Event,Wedding,Give generation democratic bar argue.,2025-02-10,17:38:41
Event,Workshop,Station finally line everything majority network.,2025-02-12,08:01:24
Contact,Barbara Lara,(434)881-8387x549,jennifermartinez@frey.com,
Reminder,Doctor appointment,Rather ready lawyer hot hundred.,2025-02-20,02:21:20
Reminder,reminder,Add including likely consider support.,2025-02-10,06:24:20
Task,Pay bills,"New, Few, Light",2025-01-28,18:05:13
Expense,Groceries,Spent $425 on Transport,2025-01-14,
Event,Team Building,Choice travel street necessary history.,2025-03-21,15:13:05
Note,Random thoughts,People cultural natural land society role movement far network.,2025-02-14,
Note,Project notes,Bed past themselves serve.,2025-02-06,
Expense,Transport,Spent $134 on Rent,2025-01-08,
Event,Conference,Factor me meeting appear career factor.,2025-02-12,05:21:12
Note,Book recommendations,Just white open together month.,2025-02-11,
Expense,Groceries,Spent $284 on Groceries,2025-01-08,
Note,To-do list,Science security design there wait.,2025-02-14,
Birthday,Mary Walker,Birthday celebration,2002-06-21,
Birthday,Sean Dodson,Birthday celebration,1991-03-10,
Contact,Reginald Robinson,+1-295-523-6354x8478,ryan99@yahoo.com,
Task,Organize desk,"Purpose, Loss, Difficult, Require",2025-02-21,09:34:41
Birthday,Zachary Melton,Birthday celebration,1961-01-22,
Expense,Rent,Spent $225 on Dinner,2025-01-02,
Reminder,Gym session,Police should environmental role work out different.,2025-02-09,09:32:54
Event,Team Building,Water old in property.,2025-02-01,21:20:57
Expense,Transport,Spent $208 on Groceries,2024-12-27,
Note,note,Kid ground travel hot or media.,2025-02-19,
Expense,Transport,Spent $424 on Rent,2025-01-19,
Reminder,Team meeting,Quite change leg a bed.,2025-02-10,20:36:09
Note,take a note,Argue wonder remain page support recent.,2025-02-06,
Event,Wedding,Determine talk term.,2025-02-09,19:44:58
Birthday,Aimee Atkinson,Birthday celebration,1957-07-20,
Birthday,Amber Thompson,Birthday celebration,1991-02-02,
Event,Conference,Mention above she.,2025-03-17,11:56:55
Reminder,Gym session,Tree certainly activity year.,2025-02-18,17:05:42
Note,To-do list,Conference man business worker thousand.,2025-02-12,
Event,Conference,Trouble hot light across term street throughout.,2025-02-19,15:10:21
Task,Pay bills,"Away, Seem, Tree",2025-02-06,13:12:35
Contact,Sheila Ramos,(695)526-0542,jessica30@hopkins.com,
Contact,Pamela Harrell,(653)739-8842x87303,joshuafleming@yahoo.com,
Expense,Transport,Spent $371 on Dinner,2025-01-07,
Reminder,Call mom,Professor nature local want.,2025-02-15,12:38:53
Contact,Kristine Hunter,262-939-7439,hutchinsonmanuel@smith.com,
Goal,Read 10 books,Ability simple per.,2025-07-20,
Note,Book recommendations,Raise be since should environment agreement for successful company true then.,2025-02-09,
Goal,Learn Python,Challenge on within station.,2025-02-20,
Birthday,Richard Williams,Birthday celebration,2005-10-22,
Reminder,Gym session,Consumer need next nothing write ball leader.,2025-02-21,18:51:06
Note,Book recommendations,Theory ready big indeed.,2025-02-06,
Birthday,Monica Johnston,Birthday celebration,1975-09-17,
Contact,Jay Cobb,058-881-7787,doughertymichael@matthews-lewis.org,
Event,Networking Event,Even here together entire thus the.,2025-02-07,02:36:53
Expense,Dinner,Spent $160 on Groceries,2025-01-04,
Expense,Dinner,Spent $444 on Rent,2024-12-28,
Event,Workshop,Management sometimes cause visit.,2025-03-09,06:20:44
Contact,Paige Sweeney,(398)303-8916x365,lanestephen@yahoo.com,
Birthday,Nicholas Meza,Birthday celebration,1957-08-12,
Event,Team Building,Ok quite at.,2025-02-04,11:53:21
Contact,Michael Townsend,(966)008-6491x091,william39@davis-carr.info,
Contact,Brett Cordova,7383182580,hillteresa@hotmail.com,
Goal,Save $1000,Part teach price cost fund from.,2025-04-22,
Birthday,Samuel Thomas MD,Birthday celebration,2014-12-25,
Birthday,Cassie Page,Birthday celebration,1969-12-24,
Contact,Jennifer Barnett,(487)192-5117x177,cunninghamcarl@gmail.com,
Music,music,play guitar for 30 minutes,2025-02-01,18:00:00
Music,play me music,play guitar for 30 minutes,2025-02-01,18:00:00
Music,play for me some music,play guitar for 30 minutes,2025-02-01,18:00:00
Music,play music,play guitar for 30 minutes,2025-02-01,18:00:00
Music,can you play some music,play guitar for 30 minutes,2025-02-01,18:00:00
Music,play music,play guitar for 30 minutes,2025-02-01,18:00:00
Music,play music,play guitar for 30 minutes,2025-02-01,18:00:00
Music,play music,play guitar for 30 minutes,2025-02-01,18:00:00
Music,play music,play guitar for 30 minutes,2025-02-01,18:00:00
Music,play music,play guitar for 30 minutes,2025-02-01,18:00:00
Music,play music,play guitar for 30 minutes,2025-02-01,18:00:00
Music,play music,play guitar for 30 minutes,2025-02-01,18:00:00
Music,play music,play guitar for 30 minutes,2025-02-01,18:00:00
Stop,stop m,play guitar for 30 minutes,2025-02-01,18:00:00
Stop,stop the song,play guitar for 30 minutes,2025-02-01,18:00:00
Stop,stop the song,play guitar for 30 minutes,2025-02-01,18:00:00
Stop,stop the song,play guitar for 30 minutes,2025-02-01,18:00:00
Stop,stop the song,play guitar for 30 minutes,2025-02-01,18:00:00
